y,m,d,t,Incremental Generation Energy (kWh),Incremental Building Demand (kWh),Incremental Insolation (kWh/M^2),Last Generation Energy (kWh),Last Insolation (kWh/M^2),Average Generation Power (kW),Average Irradiance (W/M^2),Average Ambient Temperature (C),Average Cell Temperature (C)
2012,11,10,00:00,-0.258,null,null,450290.424,null,-0.247,null,null,null
2012,11,10,01:00,-0.247,null,null,450290.177,null,-0.253,null,null,null
2012,11,10,02:00,-0.246,null,null,450289.931,null,-0.243,null,null,null
2012,11,10,03:00,-0.246,null,null,450289.685,null,-0.25,null,null,null
2012,11,10,04:00,-0.247,null,null,450289.438,null,-0.247,null,null,null
2012,11,10,05:00,-0.257,null,null,450289.181,null,-0.24,null,null,null
2012,11,10,06:00,-0.284,null,null,450288.897,null,-0.285,null,null,null
2012,11,10,07:00,9.233,null,null,450298.13,null,9.084,null,null,null
2012,11,10,08:00,31.744,null,null,450329.874,null,31.983,null,null,null
2012,11,10,09:00,52.813,null,null,450382.687,null,52.993,null,null,null
2012,11,10,10:00,64.899,null,null,450447.586,null,65.035,null,null,null
2012,11,10,11:00,70.406,null,null,450517.992,null,71.12,null,null,null
2012,11,10,12:00,43.824,null,null,450561.816,null,42.245,null,null,null
2012,11,10,13:00,50.354,null,null,450612.17,null,50.233,null,null,null
2012,11,10,14:00,33.982,null,null,450646.152,null,34.557,null,null,null
2012,11,10,15:00,23.897,null,null,450670.049,null,23.6,null,null,null
2012,11,10,16:00,7.487,null,null,450677.536,null,7.372,null,null,null
2012,11,10,17:00,0.27,null,null,450677.806,null,0.233,null,null,null
2012,11,10,18:00,-0.247,null,null,450677.559,null,-0.257,null,null,null
2012,11,10,19:00,-0.256,null,null,450677.303,null,-0.255,null,null,null
2012,11,10,20:00,-0.245,null,null,450677.058,null,-0.243,null,null,null
2012,11,10,21:00,-0.246,null,null,450676.812,null,-0.257,null,null,null
2012,11,10,22:00,-0.257,null,null,450676.555,null,-0.262,null,null,null
2012,11,10,23:00,-0.246,null,null,450676.309,null,-0.267,null,null,null
2012,11,11,00:00,-0.246,null,null,450676.063,null,-0.255,null,null,null
2012,11,11,01:00,-0.246,null,null,450675.817,null,-0.242,null,null,null
2012,11,11,02:00,-0.247,null,null,450675.57,null,-0.247,null,null,null
2012,11,11,03:00,-0.246,null,null,450675.324,null,-0.245,null,null,null
2012,11,11,04:00,-0.247,null,null,450675.077,null,-0.245,null,null,null
2012,11,11,05:00,-0.269,null,null,450674.808,null,-0.248,null,null,null
2012,11,11,06:00,-0.301,null,null,450674.507,null,-0.315,null,null,null
2012,11,11,07:00,5.806,null,null,450680.313,null,5.883,null,null,null
2012,11,11,08:00,25.218,null,null,450705.531,null,25.697,null,null,null
2012,11,11,09:00,47.809,null,null,450753.34,null,48.182,null,null,null
2012,11,11,10:00,63.467,null,null,450816.807,null,63.895,null,null,null
2012,11,11,11:00,56.903,null,null,450873.71,null,55.84,null,null,null
2012,11,11,12:00,65.71,null,null,450939.42,null,64.82,null,null,null
2012,11,11,13:00,62.418,null,null,451001.838,null,62.633,null,null,null
2012,11,11,14:00,46.257,null,null,451048.095,null,46.685,null,null,null
2012,11,11,15:00,23.935,null,null,451072.03,null,23.61,null,null,null
2012,11,11,16:00,6.378,null,null,451078.408,null,6.217,null,null,null
2012,11,11,17:00,-0.126,null,null,451078.282,null,-0.13,null,null,null
2012,11,11,18:00,-0.246,null,null,451078.036,null,-0.252,null,null,null
2012,11,11,19:00,-0.247,null,null,451077.789,null,-0.243,null,null,null
2012,11,11,20:00,-0.247,null,null,451077.542,null,-0.242,null,null,null
2012,11,11,21:00,-0.256,null,null,451077.286,null,-0.25,null,null,null
2012,11,11,22:00,-0.246,null,null,451077.04,null,-0.247,null,null,null
2012,11,11,23:00,-0.246,null,null,451076.794,null,-0.253,null,null,null
2012,11,12,00:00,-0.257,null,null,451076.537,null,-0.26,null,null,null
2012,11,12,01:00,-0.246,null,null,451076.291,null,-0.252,null,null,null
2012,11,12,02:00,-0.247,null,null,451076.044,null,-0.256,null,null,null
2012,11,12,03:00,-0.246,null,null,451075.798,null,-0.257,null,null,null
2012,11,12,04:00,-0.245,null,null,451075.553,null,-0.242,null,null,null
2012,11,12,05:00,-0.247,null,null,451075.306,null,-0.247,null,null,null
2012,11,12,06:00,-0.309,null,null,451074.997,null,-0.298,null,null,null
2012,11,12,07:00,3.705,null,null,451078.702,null,3.768,null,null,null
2012,11,12,08:00,11.919,null,null,451090.621,null,11.94,null,null,null
2012,11,12,09:00,15.832,null,null,451106.453,null,16.002,null,null,null
2012,11,12,10:00,48.431,null,null,451154.884,null,49.024,null,null,null
2012,11,12,11:00,39.955,null,null,451194.839,null,40.293,null,null,null
2012,11,12,12:00,54.135,null,null,451248.974,null,54.122,null,null,null
2012,11,12,13:00,34.32,null,null,451283.294,null,33.44,null,null,null
2012,11,12,14:00,34.541,null,null,451317.835,null,34.38,null,null,null
2012,11,12,15:00,24.129,null,null,451341.964,null,24.133,null,null,null
2012,11,12,16:00,11.034,null,null,451352.998,null,11.804,null,null,null
2012,11,12,17:00,-0.121,null,null,451352.877,null,-0.164,null,null,null
2012,11,12,18:00,-0.246,null,null,451352.631,null,-0.257,null,null,null
2012,11,12,19:00,-0.245,null,null,451352.386,null,-0.26,null,null,null
2012,11,12,20:00,-0.247,null,null,451352.139,null,-0.253,null,null,null
2012,11,12,21:00,-0.246,null,null,451351.893,null,-0.245,null,null,null
2012,11,12,22:00,-0.246,null,null,451351.647,null,-0.252,null,null,null
2012,11,12,23:00,-0.246,null,null,451351.401,null,-0.258,null,null,null
2012,11,13,00:00,-0.257,null,null,451351.144,null,-0.262,null,null,null
2012,11,13,01:00,-0.246,null,null,451350.898,null,-0.238,null,null,null
2012,11,13,02:00,-0.247,null,null,451350.651,null,-0.248,null,null,null
2012,11,13,03:00,-0.257,null,null,451350.394,null,-0.252,null,null,null
2012,11,13,04:00,-0.247,null,null,451350.147,null,-0.25,null,null,null
2012,11,13,05:00,-0.246,null,null,451349.901,null,-0.25,null,null,null
2012,11,13,06:00,-0.294,null,null,451349.607,null,-0.287,null,null,null
2012,11,13,07:00,7.58,null,null,451357.187,null,7.678,null,null,null
2012,11,13,08:00,11.46,null,null,451368.647,null,11.558,null,null,null
2012,11,13,09:00,24.329,null,null,451392.976,null,24.438,null,null,null
2012,11,13,10:00,45.429,null,null,451438.405,null,45.635,null,null,null
2012,11,13,11:00,64.225,null,null,451502.63,null,63.996,null,null,null
2012,11,13,12:00,54.264,null,null,451556.894,null,53.705,null,null,null
2012,11,13,13:00,29.625,null,null,451586.519,null,29.67,null,null,null
2012,11,13,14:00,16.987,null,null,451603.506,null,16.96,null,null,null
2012,11,13,15:00,18.665,null,null,451622.171,null,18.636,null,null,null
2012,11,13,16:00,8.328,null,null,451630.499,null,8.196,null,null,null
2012,11,13,17:00,0.297,null,null,451630.796,null,0.283,null,null,null
2012,11,13,18:00,-0.246,null,null,451630.55,null,-0.237,null,null,null
2012,11,13,19:00,-0.245,null,null,451630.305,null,-0.237,null,null,null
2012,11,13,20:00,-0.246,null,null,451630.059,null,-0.243,null,null,null
2012,11,13,21:00,-0.246,null,null,451629.813,null,-0.252,null,null,null
2012,11,13,22:00,-0.247,null,null,451629.566,null,-0.248,null,null,null
2012,11,13,23:00,-0.258,null,null,451629.308,null,-0.253,null,null,null
2012,11,14,00:00,-0.246,null,null,451629.062,null,-0.253,null,null,null
2012,11,14,01:00,-0.245,null,null,451628.817,null,-0.253,null,null,null
2012,11,14,02:00,-0.247,null,null,451628.57,null,-0.242,null,null,null
2012,11,14,03:00,-0.258,null,null,451628.312,null,-0.253,null,null,null
2012,11,14,04:00,-0.246,null,null,451628.066,null,-0.248,null,null,null
2012,11,14,05:00,-0.245,null,null,451627.821,null,-0.255,null,null,null
2012,11,14,06:00,-0.332,null,null,451627.489,null,-0.325,null,null,null
2012,11,14,07:00,1.329,null,null,451628.818,null,1.36,null,null,null
2012,11,14,08:00,6.81,null,null,451635.628,null,6.928,null,null,null
2012,11,14,09:00,11.84,null,null,451647.468,null,11.853,null,null,null
2012,11,14,10:00,36.506,null,null,451683.974,null,37.322,null,null,null
2012,11,14,11:00,45.097,null,null,451729.071,null,45.367,null,null,null
2012,11,14,12:00,29.795,null,null,451758.866,null,30.4,null,null,null
2012,11,14,13:00,36.173,null,null,451795.039,null,36.21,null,null,null
2012,11,14,14:00,29.009,null,null,451824.048,null,29.045,null,null,null
2012,11,14,15:00,14.461,null,null,451838.509,null,14.218,null,null,null
2012,11,14,16:00,6.835,null,null,451845.344,null,6.424,null,null,null
2012,11,14,17:00,0.226,null,null,451845.57,null,0.215,null,null,null
2012,11,14,18:00,-0.246,null,null,451845.324,null,-0.241,null,null,null
2012,11,14,19:00,-0.246,null,null,451845.078,null,-0.253,null,null,null
2012,11,14,20:00,-0.268,null,null,451844.81,null,-0.247,null,null,null
2012,11,14,21:00,-0.246,null,null,451844.564,null,-0.242,null,null,null
2012,11,14,22:00,-0.246,null,null,451844.318,null,-0.253,null,null,null
2012,11,14,23:00,-0.246,null,null,451844.072,null,-0.243,null,null,null
2012,11,15,00:00,-0.246,null,null,451843.826,null,-0.247,null,null,null
2012,11,15,01:00,-0.246,null,null,451843.58,null,-0.248,null,null,null
2012,11,15,02:00,-0.246,null,null,451843.334,null,-0.257,null,null,null
2012,11,15,03:00,-0.258,null,null,451843.076,null,-0.253,null,null,null
2012,11,15,04:00,-0.246,null,null,451842.83,null,-0.257,null,null,null
2012,11,15,05:00,-0.247,null,null,451842.583,null,-0.255,null,null,null
2012,11,15,06:00,-0.321,null,null,451842.262,null,-0.323,null,null,null
2012,11,15,07:00,1.025,null,null,451843.287,null,1.06,null,null,null
2012,11,15,08:00,5.778,null,null,451849.065,null,5.807,null,null,null
2012,11,15,09:00,10.197,null,null,451859.262,null,10.242,null,null,null
2012,11,15,10:00,12.629,null,null,451871.891,null,12.675,null,null,null
2012,11,15,11:00,13.384,null,null,451885.275,null,13.367,null,null,null
2012,11,15,12:00,11.763,null,null,451897.038,null,11.778,null,null,null
2012,11,15,13:00,10.307,null,null,451907.345,null,10.291,null,null,null
2012,11,15,14:00,7.218,null,null,451914.563,null,7.177,null,null,null
2012,11,15,15:00,2.755,null,null,451917.318,null,2.728,null,null,null
2012,11,15,16:00,0.993,null,null,451918.311,null,0.98,null,null,null
2012,11,15,17:00,-0.279,null,null,451918.032,null,-0.291,null,null,null
2012,11,15,18:00,-0.247,null,null,451917.785,null,-0.258,null,null,null
2012,11,15,19:00,-0.246,null,null,451917.539,null,-0.244,null,null,null
2012,11,15,20:00,-0.257,null,null,451917.282,null,-0.251,null,null,null
2012,11,15,21:00,-0.246,null,null,451917.036,null,-0.261,null,null,null
2012,11,15,22:00,-0.246,null,null,451916.79,null,-0.245,null,null,null
2012,11,15,23:00,-0.247,null,null,451916.543,null,-0.252,null,null,null
2012,11,16,00:00,-0.245,null,null,451916.298,null,-0.247,null,null,null
2012,11,16,01:00,-0.258,null,null,451916.04,null,-0.265,null,null,null
2012,11,16,02:00,-0.258,null,null,451915.782,null,-0.247,null,null,null
2012,11,16,03:00,-0.246,null,null,451915.536,null,-0.248,null,null,null
2012,11,16,04:00,-0.246,null,null,451915.29,null,-0.241,null,null,null
2012,11,16,05:00,-0.246,null,null,451915.044,null,-0.243,null,null,null
2012,11,16,06:00,-0.326,null,null,451914.718,null,-0.309,null,null,null
2012,11,16,07:00,1.297,null,null,451916.015,null,1.322,null,null,null
2012,11,16,08:00,15.279,null,null,451931.294,null,15.514,null,null,null
2012,11,16,09:00,40.146,null,null,451971.44,null,40.293,null,null,null
2012,11,16,10:00,53.247,null,null,452024.687,null,53.02,null,null,null
2012,11,16,11:00,48.581,null,null,452073.268,null,47.914,null,null,null
2012,11,16,12:00,31.275,null,null,452104.543,null,31.335,null,null,null
2012,11,16,13:00,32.04,null,null,452136.583,null,31.947,null,null,null
2012,11,16,14:00,17.307,null,null,452153.89,null,17.257,null,null,null
2012,11,16,15:00,11.347,null,null,452165.237,null,11.222,null,null,null
2012,11,16,16:00,6.077,null,null,452171.314,null,6.051,null,null,null
2012,11,16,17:00,-0.065,null,null,452171.249,null,-0.086,null,null,null
2012,11,16,18:00,-0.246,null,null,452171.003,null,-0.252,null,null,null
2012,11,16,19:00,-0.246,null,null,452170.757,null,-0.243,null,null,null
2012,11,16,20:00,-0.258,null,null,452170.499,null,-0.262,null,null,null
2012,11,16,21:00,-0.247,null,null,452170.252,null,-0.255,null,null,null
2012,11,16,22:00,-0.246,null,null,452170.006,null,-0.245,null,null,null
2012,11,16,23:00,-0.246,null,null,452169.76,null,-0.262,null,null,null
2012,11,17,00:00,-0.246,null,null,452169.514,null,-0.252,null,null,null
2012,11,17,01:00,-0.246,null,null,452169.268,null,-0.252,null,null,null
2012,11,17,02:00,-0.258,null,null,452169.01,null,-0.25,null,null,null
2012,11,17,03:00,-0.257,null,null,452168.753,null,-0.257,null,null,null
2012,11,17,04:00,-0.246,null,null,452168.507,null,-0.253,null,null,null
2012,11,17,05:00,-0.247,null,null,452168.26,null,-0.25,null,null,null
2012,11,17,06:00,-0.287,null,null,452167.973,null,-0.3,null,null,null
2012,11,17,07:00,6.679,null,null,452174.652,null,6.835,null,null,null
2012,11,17,08:00,27.854,null,null,452202.506,null,28.075,null,null,null
2012,11,17,09:00,50.291,null,null,452252.797,null,50.49,null,null,null
2012,11,17,10:00,61.421,null,null,452314.218,null,61.552,null,null,null
2012,11,17,11:00,67.889,null,null,452382.107,null,67.402,null,null,null
2012,11,17,12:00,56.266,null,null,452438.373,null,56.387,null,null,null
2012,11,17,13:00,59.616,null,null,452497.989,null,59.378,null,null,null
2012,11,17,14:00,42.199,null,null,452540.188,null,41.803,null,null,null
2012,11,17,15:00,24.177,null,null,452564.365,null,24.023,null,null,null
2012,11,17,16:00,3.684,null,null,452568.049,null,3.605,null,null,null
2012,11,17,17:00,-0.176,null,null,452567.873,null,-0.188,null,null,null
2012,11,17,18:00,-0.259,null,null,452567.614,null,-0.247,null,null,null
2012,11,17,19:00,-0.245,null,null,452567.369,null,-0.254,null,null,null
2012,11,17,20:00,-0.246,null,null,452567.123,null,-0.238,null,null,null
2012,11,17,21:00,-0.245,null,null,452566.878,null,-0.242,null,null,null
2012,11,17,22:00,-0.246,null,null,452566.632,null,-0.25,null,null,null
2012,11,17,23:00,-0.247,null,null,452566.385,null,-0.25,null,null,null
2012,11,18,00:00,-0.247,null,null,452566.138,null,-0.242,null,null,null
2012,11,18,01:00,-0.268,null,null,452565.87,null,-0.255,null,null,null
2012,11,18,02:00,-0.246,null,null,452565.624,null,-0.256,null,null,null
2012,11,18,03:00,-0.246,null,null,452565.378,null,-0.253,null,null,null
2012,11,18,04:00,-0.247,null,null,452565.131,null,-0.243,null,null,null
2012,11,18,05:00,-0.247,null,null,452564.884,null,-0.253,null,null,null
2012,11,18,06:00,-0.294,null,null,452564.59,null,-0.305,null,null,null
2012,11,18,07:00,0.158,null,null,452564.748,null,0.172,null,null,null
2012,11,18,08:00,4.416,null,null,452569.164,null,4.438,null,null,null
2012,11,18,09:00,32.434,null,null,452601.598,null,32.867,null,null,null
2012,11,18,10:00,43.902,null,null,452645.5,null,43.543,null,null,null
2012,11,18,11:00,44.792,null,null,452690.292,null,45.253,null,null,null
2012,11,18,12:00,50.664,null,null,452740.956,null,51.568,null,null,null
2012,11,18,13:00,47.183,null,null,452788.139,null,45.847,null,null,null
2012,11,18,14:00,23.936,null,null,452812.075,null,24.622,null,null,null
2012,11,18,15:00,28.114,null,null,452840.189,null,28.622,null,null,null
2012,11,18,16:00,8.931,null,null,452849.12,null,9.01,null,null,null
2012,11,18,17:00,0.185,null,null,452849.305,null,0.16,null,null,null
2012,11,18,18:00,-0.248,null,null,452849.057,null,-0.247,null,null,null
2012,11,18,19:00,-0.245,null,null,452848.812,null,-0.242,null,null,null
2012,11,18,20:00,-0.246,null,null,452848.566,null,-0.243,null,null,null
2012,11,18,21:00,-0.246,null,null,452848.32,null,-0.257,null,null,null
2012,11,18,22:00,-0.257,null,null,452848.063,null,-0.238,null,null,null
2012,11,18,23:00,-0.257,null,null,452847.806,null,-0.25,null,null,null
2012,11,19,00:00,-0.246,null,null,452847.56,null,-0.252,null,null,null
2012,11,19,01:00,-0.247,null,null,452847.313,null,-0.246,null,null,null
2012,11,19,02:00,-0.246,null,null,452847.067,null,-0.247,null,null,null
2012,11,19,03:00,-0.247,null,null,452846.82,null,-0.26,null,null,null
2012,11,19,04:00,-0.246,null,null,452846.574,null,-0.26,null,null,null
2012,11,19,05:00,-0.246,null,null,452846.328,null,-0.257,null,null,null
2012,11,19,06:00,-0.317,null,null,452846.011,null,-0.318,null,null,null
2012,11,19,07:00,0.872,null,null,452846.883,null,0.896,null,null,null
2012,11,19,08:00,4.208,null,null,452851.091,null,4.247,null,null,null
2012,11,19,09:00,7.169,null,null,452858.26,null,7.175,null,null,null
2012,11,19,10:00,11.73,null,null,452869.99,null,11.875,null,null,null
2012,11,19,11:00,15.552,null,null,452885.542,null,15.583,null,null,null
2012,11,19,12:00,13.588,null,null,452899.13,null,13.545,null,null,null
2012,11,19,13:00,9.845,null,null,452908.975,null,9.922,null,null,null
2012,11,19,14:00,6.366,null,null,452915.341,null,6.327,null,null,null
2012,11,19,15:00,2.992,null,null,452918.333,null,2.963,null,null,null
2012,11,19,16:00,0.752,null,null,452919.085,null,0.747,null,null,null
2012,11,19,17:00,-0.356,null,null,452918.729,null,-0.335,null,null,null
2012,11,19,18:00,-0.224,null,null,452918.505,null,-0.239,null,null,null
2012,11,19,19:00,-0.257,null,null,452918.248,null,-0.25,null,null,null
2012,11,19,20:00,-0.257,null,null,452917.991,null,-0.252,null,null,null
2012,11,19,21:00,-0.258,null,null,452917.733,null,-0.257,null,null,null
2012,11,19,22:00,-0.246,null,null,452917.487,null,-0.242,null,null,null
2012,11,19,23:00,-0.246,null,null,452917.241,null,-0.252,null,null,null
2012,11,20,00:00,-0.247,null,null,452916.994,null,-0.243,null,null,null
2012,11,20,01:00,-0.246,null,null,452916.748,null,-0.248,null,null,null
2012,11,20,02:00,-0.246,null,null,452916.502,null,-0.253,null,null,null
2012,11,20,03:00,-0.247,null,null,452916.255,null,-0.247,null,null,null
2012,11,20,04:00,-0.258,null,null,452915.997,null,-0.247,null,null,null
2012,11,20,05:00,-0.246,null,null,452915.751,null,-0.257,null,null,null
2012,11,20,06:00,-0.307,null,null,452915.444,null,-0.3,null,null,null
2012,11,20,07:00,6.71,null,null,452922.154,null,6.828,null,null,null
2012,11,20,08:00,26.871,null,null,452949.025,null,26.779,null,null,null
2012,11,20,09:00,49.84,null,null,452998.865,null,50.018,null,null,null
2012,11,20,10:00,62.584,null,null,453061.449,null,62.727,null,null,null
2012,11,20,11:00,61.297,null,null,453122.746,null,61.003,null,null,null
2012,11,20,12:00,60.444,null,null,453183.19,null,59.627,null,null,null
2012,11,20,13:00,54.867,null,null,453238.057,null,56.227,null,null,null
2012,11,20,14:00,50.047,null,null,453288.104,null,49.88,null,null,null
2012,11,20,15:00,32.534,null,null,453320.638,null,32.392,null,null,null
2012,11,20,16:00,11.105,null,null,453331.743,null,10.948,null,null,null
2012,11,20,17:00,0.03,null,null,453331.773,null,0.008,null,null,null
2012,11,20,18:00,-0.246,null,null,453331.527,null,-0.24,null,null,null
2012,11,20,19:00,-0.246,null,null,453331.281,null,-0.253,null,null,null
2012,11,20,20:00,-0.245,null,null,453331.036,null,-0.25,null,null,null
2012,11,20,21:00,-0.269,null,null,453330.767,null,-0.253,null,null,null
2012,11,20,22:00,-0.246,null,null,453330.521,null,-0.243,null,null,null
2012,11,20,23:00,-0.246,null,null,453330.275,null,-0.245,null,null,null
2012,11,21,00:00,-0.247,null,null,453330.028,null,-0.257,null,null,null
2012,11,21,01:00,-0.247,null,null,453329.781,null,-0.255,null,null,null
2012,11,21,02:00,-0.247,null,null,453329.534,null,-0.253,null,null,null
2012,11,21,03:00,-0.245,null,null,453329.289,null,-0.24,null,null,null
2012,11,21,04:00,-0.258,null,null,453329.031,null,-0.25,null,null,null
2012,11,21,05:00,-0.247,null,null,453328.784,null,-0.253,null,null,null
2012,11,21,06:00,-0.307,null,null,453328.477,null,-0.302,null,null,null
2012,11,21,07:00,6.577,null,null,453335.054,null,6.703,null,null,null
2012,11,21,08:00,26.015,null,null,453361.069,null,26.233,null,null,null
2012,11,21,09:00,47.426,null,null,453408.495,null,47.493,null,null,null
2012,11,21,10:00,60.182,null,null,453468.677,null,60.082,null,null,null
2012,11,21,11:00,66.022,null,null,453534.699,null,67.15,null,null,null
2012,11,21,12:00,62.736,null,null,453597.435,null,62.933,null,null,null
2012,11,21,13:00,60.11,null,null,453657.545,null,60.108,null,null,null
2012,11,21,14:00,49.333,null,null,453706.878,null,49.317,null,null,null
2012,11,21,15:00,32.4,null,null,453739.278,null,32.288,null,null,null
2012,11,21,16:00,11.262,null,null,453750.54,null,11.115,null,null,null
2012,11,21,17:00,0.123,null,null,453750.663,null,0.085,null,null,null
2012,11,21,18:00,-0.246,null,null,453750.417,null,-0.257,null,null,null
2012,11,21,19:00,-0.256,null,null,453750.161,null,-0.248,null,null,null
2012,11,21,20:00,-0.246,null,null,453749.915,null,-0.235,null,null,null
2012,11,21,21:00,-0.258,null,null,453749.657,null,-0.253,null,null,null
2012,11,21,22:00,-0.247,null,null,453749.41,null,-0.252,null,null,null
2012,11,21,23:00,-0.246,null,null,453749.164,null,-0.247,null,null,null
2012,11,22,00:00,-0.246,null,null,453748.918,null,-0.243,null,null,null
2012,11,22,01:00,-0.246,null,null,453748.672,null,-0.255,null,null,null
2012,11,22,02:00,-0.247,null,null,453748.425,null,-0.243,null,null,null
2012,11,22,03:00,-0.246,null,null,453748.179,null,-0.248,null,null,null
2012,11,22,04:00,-0.258,null,null,453747.921,null,-0.255,null,null,null
2012,11,22,05:00,-0.253,null,null,453747.668,null,-0.251,null,null,null
2012,11,22,06:00,-0.298,null,null,453747.37,null,-0.297,null,null,null
2012,11,22,07:00,6.778,null,null,453754.148,null,6.912,null,null,null
2012,11,22,08:00,27.755,null,null,453781.903,null,27.798,null,null,null
2012,11,22,09:00,51.217,null,null,453833.12,null,51.4,null,null,null
2012,11,22,10:00,64.145,null,null,453897.265,null,64.297,null,null,null
2012,11,22,11:00,70.028,null,null,453967.293,null,70.093,null,null,null
2012,11,22,12:00,70.714,null,null,454038.007,null,70.755,null,null,null
2012,11,22,13:00,64.715,null,null,454102.722,null,64.576,null,null,null
2012,11,22,14:00,52.674,null,null,454155.396,null,52.605,null,null,null
2012,11,22,15:00,34.396,null,null,454189.792,null,34.267,null,null,null
2012,11,22,16:00,11.887,null,null,454201.679,null,11.932,null,null,null
2012,11,22,17:00,0.16,null,null,454201.839,null,0.143,null,null,null
2012,11,22,18:00,-0.248,null,null,454201.591,null,-0.252,null,null,null
2012,11,22,19:00,-0.245,null,null,454201.346,null,-0.24,null,null,null
2012,11,22,20:00,-0.247,null,null,454201.099,null,-0.248,null,null,null
2012,11,22,21:00,-0.245,null,null,454200.854,null,-0.26,null,null,null
2012,11,22,22:00,-0.246,null,null,454200.608,null,-0.25,null,null,null
2012,11,22,23:00,-0.246,null,null,454200.362,null,-0.247,null,null,null
2012,11,23,00:00,-0.258,null,null,454200.104,null,-0.248,null,null,null
2012,11,23,01:00,-0.247,null,null,454199.857,null,-0.243,null,null,null
2012,11,23,02:00,-0.257,null,null,454199.6,null,-0.252,null,null,null
2012,11,23,03:00,-0.246,null,null,454199.354,null,-0.248,null,null,null
2012,11,23,04:00,-0.247,null,null,454199.107,null,-0.247,null,null,null
2012,11,23,05:00,-0.246,null,null,454198.861,null,-0.247,null,null,null
2012,11,23,06:00,-0.296,null,null,454198.565,null,-0.305,null,null,null
2012,11,23,07:00,6.729,null,null,454205.294,null,6.882,null,null,null
2012,11,23,08:00,27.819,null,null,454233.113,null,28.045,null,null,null
2012,11,23,09:00,51.349,null,null,454284.462,null,51.552,null,null,null
2012,11,23,10:00,64.239,null,null,454348.701,null,64.402,null,null,null
2012,11,23,11:00,70.592,null,null,454419.293,null,70.672,null,null,null
2012,11,23,12:00,70.337,null,null,454489.63,null,70.344,null,null,null
2012,11,23,13:00,63.929,null,null,454553.559,null,63.947,null,null,null
2012,11,23,14:00,51.943,null,null,454605.502,null,51.863,null,null,null
2012,11,23,15:00,33.544,null,null,454639.046,null,33.387,null,null,null
2012,11,23,16:00,11.683,null,null,454650.729,null,11.771,null,null,null
2012,11,23,17:00,0.086,null,null,454650.815,null,0.077,null,null,null
2012,11,23,18:00,-0.247,null,null,454650.568,null,-0.262,null,null,null
2012,11,23,19:00,-0.246,null,null,454650.322,null,-0.256,null,null,null
2012,11,23,20:00,-0.257,null,null,454650.065,null,-0.253,null,null,null
2012,11,23,21:00,-0.247,null,null,454649.818,null,-0.25,null,null,null
2012,11,23,22:00,-0.256,null,null,454649.562,null,-0.255,null,null,null
2012,11,23,23:00,-0.247,null,null,454649.315,null,-0.242,null,null,null
2012,11,24,00:00,-0.246,null,null,454649.069,null,-0.253,null,null,null
2012,11,24,01:00,-0.247,null,null,454648.822,null,-0.258,null,null,null
2012,11,24,02:00,-0.257,null,null,454648.565,null,-0.25,null,null,null
2012,11,24,03:00,-0.247,null,null,454648.318,null,-0.258,null,null,null
2012,11,24,04:00,-0.246,null,null,454648.072,null,-0.255,null,null,null
2012,11,24,05:00,-0.247,null,null,454647.825,null,-0.248,null,null,null
2012,11,24,06:00,-0.292,null,null,454647.533,null,-0.295,null,null,null
2012,11,24,07:00,5.322,null,null,454652.855,null,5.539,null,null,null
2012,11,24,08:00,23.862,null,null,454676.717,null,24.072,null,null,null
2012,11,24,09:00,45.929,null,null,454722.646,null,46.113,null,null,null
2012,11,24,10:00,58.465,null,null,454781.111,null,58.628,null,null,null
2012,11,24,11:00,64.615,null,null,454845.726,null,64.715,null,null,null
2012,11,24,12:00,67.677,null,null,454913.403,null,67.775,null,null,null
2012,11,24,13:00,63.231,null,null,454976.634,null,63.448,null,null,null
2012,11,24,14:00,49.203,null,null,455025.837,null,48.975,null,null,null
2012,11,24,15:00,30.931,null,null,455056.768,null,30.905,null,null,null
2012,11,24,16:00,11.194,null,null,455067.962,null,11.36,null,null,null
2012,11,24,17:00,0.27,null,null,455068.232,null,0.263,null,null,null
2012,11,24,18:00,-0.247,null,null,455067.985,null,-0.253,null,null,null
2012,11,24,19:00,-0.247,null,null,455067.738,null,-0.257,null,null,null
2012,11,24,20:00,-0.246,null,null,455067.492,null,-0.247,null,null,null
2012,11,24,21:00,-0.246,null,null,455067.246,null,-0.25,null,null,null
2012,11,24,22:00,-0.257,null,null,455066.989,null,-0.25,null,null,null
2012,11,24,23:00,-0.258,null,null,455066.731,null,-0.257,null,null,null
2012,11,25,00:00,-0.246,null,null,455066.485,null,-0.25,null,null,null
2012,11,25,01:00,-0.246,null,null,455066.239,null,-0.25,null,null,null
2012,11,25,02:00,-0.247,null,null,455065.992,null,-0.239,null,null,null
2012,11,25,03:00,-0.246,null,null,455065.746,null,-0.249,null,null,null
2012,11,25,04:00,-0.246,null,null,455065.5,null,-0.248,null,null,null
2012,11,25,05:00,-0.258,null,null,455065.242,null,-0.258,null,null,null
2012,11,25,06:00,-0.298,null,null,455064.944,null,-0.297,null,null,null
2012,11,25,07:00,6.156,null,null,455071.1,null,6.287,null,null,null
2012,11,25,08:00,26.508,null,null,455097.608,null,26.712,null,null,null
2012,11,25,09:00,50.269,null,null,455147.877,null,50.467,null,null,null
2012,11,25,10:00,63.169,null,null,455211.046,null,63.32,null,null,null
2012,11,25,11:00,68.571,null,null,455279.617,null,68.678,null,null,null
2012,11,25,12:00,68.057,null,null,455347.674,null,68.087,null,null,null
2012,11,25,13:00,62.179,null,null,455409.853,null,62.429,null,null,null
2012,11,25,14:00,50.683,null,null,455460.536,null,50.605,null,null,null
2012,11,25,15:00,33.262,null,null,455493.798,null,33.125,null,null,null
2012,11,25,16:00,11.686,null,null,455505.484,null,11.52,null,null,null
2012,11,25,17:00,0.085,null,null,455505.569,null,0.047,null,null,null
2012,11,25,18:00,-0.248,null,null,455505.321,null,-0.255,null,null,null
2012,11,25,19:00,-0.258,null,null,455505.063,null,-0.248,null,null,null
2012,11,25,20:00,-0.246,null,null,455504.817,null,-0.255,null,null,null
2012,11,25,21:00,-0.258,null,null,455504.559,null,-0.26,null,null,null
2012,11,25,22:00,-0.246,null,null,455504.313,null,-0.258,null,null,null
2012,11,25,23:00,-0.246,null,null,455504.067,null,-0.253,null,null,null
2012,11,26,00:00,-0.246,null,null,455503.821,null,-0.243,null,null,null
2012,11,26,01:00,-0.246,null,null,455503.575,null,-0.242,null,null,null
2012,11,26,02:00,-0.246,null,null,455503.329,null,-0.255,null,null,null
2012,11,26,03:00,-0.258,null,null,455503.071,null,-0.247,null,null,null
2012,11,26,04:00,-0.257,null,null,455502.814,null,-0.24,null,null,null
2012,11,26,05:00,-0.247,null,null,455502.567,null,-0.255,null,null,null
2012,11,26,06:00,-0.295,null,null,455502.272,null,-0.302,null,null,null
2012,11,26,07:00,5.355,null,null,455507.627,null,5.458,null,null,null
2012,11,26,08:00,24.132,null,null,455531.759,null,24.357,null,null,null
2012,11,26,09:00,47.134,null,null,455578.893,null,47.348,null,null,null
2012,11,26,10:00,59.665,null,null,455638.558,null,59.787,null,null,null
2012,11,26,11:00,64.869,null,null,455703.427,null,64.957,null,null,null
2012,11,26,12:00,64.387,null,null,455767.814,null,64.42,null,null,null
2012,11,26,13:00,54.01,null,null,455821.824,null,53.502,null,null,null
2012,11,26,14:00,47.987,null,null,455869.811,null,48,null,null,null
2012,11,26,15:00,30.256,null,null,455900.067,null,30.81,null,null,null
2012,11,26,16:00,6.562,null,null,455906.629,null,6.397,null,null,null
2012,11,26,17:00,-0.006,null,null,455906.623,null,-0.022,null,null,null
2012,11,26,18:00,-0.245,null,null,455906.378,null,-0.24,null,null,null
2012,11,26,19:00,-0.247,null,null,455906.131,null,-0.259,null,null,null
2012,11,26,20:00,-0.268,null,null,455905.863,null,-0.248,null,null,null
2012,11,26,21:00,-0.246,null,null,455905.617,null,-0.253,null,null,null
2012,11,26,22:00,-0.246,null,null,455905.371,null,-0.247,null,null,null
2012,11,26,23:00,-0.247,null,null,455905.124,null,-0.255,null,null,null
2012,11,27,00:00,-0.247,null,null,455904.877,null,-0.253,null,null,null
2012,11,27,01:00,-0.246,null,null,455904.631,null,-0.24,null,null,null
2012,11,27,02:00,-0.246,null,null,455904.385,null,-0.258,null,null,null
2012,11,27,03:00,-0.258,null,null,455904.127,null,-0.26,null,null,null
2012,11,27,04:00,-0.247,null,null,455903.88,null,-0.247,null,null,null
2012,11,27,05:00,-0.246,null,null,455903.634,null,-0.24,null,null,null
2012,11,27,06:00,-0.296,null,null,455903.338,null,-0.285,null,null,null
2012,11,27,07:00,3.884,null,null,455907.222,null,3.922,null,null,null
2012,11,27,08:00,10.702,null,null,455917.924,null,10.522,null,null,null
2012,11,27,09:00,35.758,null,null,455953.682,null,35.471,null,null,null
2012,11,27,10:00,57.313,null,null,456010.995,null,57.659,null,null,null
2012,11,27,11:00,60.307,null,null,456071.302,null,60.572,null,null,null
2012,11,27,12:00,61.383,null,null,456132.685,null,60.736,null,null,null
2012,11,27,13:00,51.91,null,null,456184.595,null,51.937,null,null,null
2012,11,27,14:00,32.12,null,null,456216.715,null,32.445,null,null,null
2012,11,27,15:00,25.796,null,null,456242.511,null,25.925,null,null,null
2012,11,27,16:00,9.792,null,null,456252.303,null,9.663,null,null,null
2012,11,27,17:00,-0.172,null,null,456252.131,null,-0.197,null,null,null
2012,11,27,18:00,-0.24,null,null,456251.891,null,-0.248,null,null,null
2012,11,27,19:00,-0.245,null,null,456251.646,null,-0.247,null,null,null
2012,11,27,20:00,-0.245,null,null,456251.401,null,-0.24,null,null,null
2012,11,27,21:00,-0.257,null,null,456251.144,null,-0.252,null,null,null
2012,11,27,22:00,-0.246,null,null,456250.898,null,-0.248,null,null,null
2012,11,27,23:00,-0.246,null,null,456250.652,null,-0.247,null,null,null
2012,11,28,00:00,-0.259,null,null,456250.393,null,-0.252,null,null,null
2012,11,28,01:00,-0.245,null,null,456250.148,null,-0.248,null,null,null
2012,11,28,02:00,-0.246,null,null,456249.902,null,-0.256,null,null,null
2012,11,28,03:00,-0.247,null,null,456249.655,null,-0.248,null,null,null
2012,11,28,04:00,-0.25,null,null,456249.405,null,-0.247,null,null,null
2012,11,28,05:00,-0.254,null,null,456249.151,null,-0.241,null,null,null
2012,11,28,06:00,-0.263,null,null,456248.888,null,-0.273,null,null,null
2012,11,28,07:00,1.826,null,null,456250.714,null,1.872,null,null,null
2012,11,28,08:00,21.887,null,null,456272.601,null,22.232,null,null,null
2012,11,28,09:00,42.534,null,null,456315.135,null,42.35,null,null,null
2012,11,28,10:00,29.871,null,null,456345.006,null,30.352,null,null,null
2012,11,28,11:00,16.713,null,null,456361.719,null,16.662,null,null,null
2012,11,28,12:00,13.439,null,null,456375.158,null,13.437,null,null,null
2012,11,28,13:00,26.255,null,null,456401.413,null,26.711,null,null,null
2012,11,28,14:00,16.854,null,null,456418.267,null,16.687,null,null,null
2012,11,28,15:00,6.099,null,null,456424.366,null,6.053,null,null,null
2012,11,28,16:00,2.317,null,null,456426.683,null,2.327,null,null,null
2012,11,28,17:00,-0.288,null,null,456426.395,null,-0.293,null,null,null
2012,11,28,18:00,-0.229,null,null,456426.166,null,-0.234,null,null,null
2012,11,28,19:00,-0.239,null,null,456425.927,null,-0.242,null,null,null
2012,11,28,20:00,-0.246,null,null,456425.681,null,-0.247,null,null,null
2012,11,28,21:00,-0.247,null,null,456425.434,null,-0.245,null,null,null
2012,11,28,22:00,-0.258,null,null,456425.176,null,-0.252,null,null,null
2012,11,28,23:00,-0.246,null,null,456424.93,null,-0.248,null,null,null
2012,11,29,00:00,-0.247,null,null,456424.683,null,-0.263,null,null,null
2012,11,29,01:00,-0.258,null,null,456424.425,null,-0.253,null,null,null
2012,11,29,02:00,-0.246,null,null,456424.179,null,-0.245,null,null,null
2012,11,29,03:00,-0.247,null,null,456423.932,null,-0.247,null,null,null
2012,11,29,04:00,-0.237,null,null,456423.695,null,-0.248,null,null,null
2012,11,29,05:00,-0.266,null,null,456423.429,null,-0.253,null,null,null
2012,11,29,06:00,-0.278,null,null,456423.151,null,-0.287,null,null,null
2012,11,29,07:00,4.41,null,null,456427.561,null,4.52,null,null,null
2012,11,29,08:00,22.491,null,null,456450.052,null,22.672,null,null,null
2012,11,29,09:00,44.209,null,null,456494.261,null,44.41,null,null,null
2012,11,29,10:00,57.93,null,null,456552.191,null,57.952,null,null,null
2012,11,29,11:00,63.953,null,null,456616.144,null,63.062,null,null,null
2012,11,29,12:00,62.165,null,null,456678.309,null,61.845,null,null,null
2012,11,29,13:00,58.504,null,null,456736.813,null,60.5,null,null,null
2012,11,29,14:00,50.018,null,null,456786.831,null,48.936,null,null,null
2012,11,29,15:00,30.838,null,null,456817.669,null,30.868,null,null,null
2012,11,29,16:00,10.614,null,null,456828.283,null,10.467,null,null,null
2012,11,29,17:00,0.187,null,null,456828.47,null,0.17,null,null,null
2012,11,29,18:00,-0.24,null,null,456828.23,null,-0.247,null,null,null
2012,11,29,19:00,-0.257,null,null,456827.973,null,-0.248,null,null,null
2012,11,29,20:00,-0.258,null,null,456827.715,null,-0.25,null,null,null
2012,11,29,21:00,-0.245,null,null,456827.47,null,-0.247,null,null,null
2012,11,29,22:00,-0.247,null,null,456827.223,null,-0.245,null,null,null
2012,11,29,23:00,-0.241,null,null,456826.982,null,-0.247,null,null,null
2012,11,30,00:00,-0.251,null,null,456826.731,null,-0.252,null,null,null
2012,11,30,01:00,-0.246,null,null,456826.485,null,-0.246,null,null,null
2012,11,30,02:00,-0.247,null,null,456826.238,null,-0.258,null,null,null
2012,11,30,03:00,-0.257,null,null,456825.981,null,-0.253,null,null,null
2012,11,30,04:00,-0.247,null,null,456825.734,null,-0.247,null,null,null
2012,11,30,05:00,-0.258,null,null,456825.476,null,-0.257,null,null,null
2012,11,30,06:00,-0.249,null,null,456825.227,null,-0.275,null,null,null
2012,11,30,07:00,4.639,null,null,456829.866,null,4.473,null,null,null
2012,11,30,08:00,18.845,null,null,456848.711,null,18.879,null,null,null
2012,11,30,09:00,29.36,null,null,456878.071,null,30.348,null,null,null
2012,11,30,10:00,44.733,null,null,456922.804,null,44.82,null,null,null
2012,11,30,11:00,57.286,null,null,456980.09,null,57.842,null,null,null
2012,11,30,12:00,55.379,null,null,457035.469,null,57.37,null,null,null
2012,11,30,13:00,62.739,null,null,457098.208,null,62.6,null,null,null
2012,11,30,14:00,27.361,null,null,457125.569,null,26.872,null,null,null
2012,11,30,15:00,33.777,null,null,457159.346,null,33.512,null,null,null
2012,11,30,16:00,4.244,null,null,457163.59,null,4.225,null,null,null
2012,11,30,17:00,-0.144,null,null,457163.446,null,-0.143,null,null,null
2012,11,30,18:00,-0.257,null,null,457163.189,null,-0.247,null,null,null
2012,11,30,19:00,-0.247,null,null,457162.942,null,-0.252,null,null,null
2012,11,30,20:00,-0.246,null,null,457162.696,null,-0.24,null,null,null
2012,11,30,21:00,-0.257,null,null,457162.439,null,-0.248,null,null,null
2012,11,30,22:00,-0.246,null,null,457162.193,null,-0.257,null,null,null
2012,11,30,23:00,-0.247,null,null,457161.946,null,-0.253,null,null,null
2012,12,1,00:00,-0.245,null,null,457161.701,null,-0.24,null,null,null
2012,12,1,01:00,-0.258,null,null,457161.443,null,-0.245,null,null,null
2012,12,1,02:00,-0.246,null,null,457161.197,null,-0.255,null,null,null
2012,12,1,03:00,-0.247,null,null,457160.95,null,-0.243,null,null,null
2012,12,1,04:00,-0.246,null,null,457160.704,null,-0.245,null,null,null
2012,12,1,05:00,-0.246,null,null,457160.458,null,-0.248,null,null,null
2012,12,1,06:00,-0.266,null,null,457160.192,null,-0.288,null,null,null
2012,12,1,07:00,3.525,null,null,457163.717,null,3.645,null,null,null
2012,12,1,08:00,21.081,null,null,457184.798,null,21.242,null,null,null
2012,12,1,09:00,43.002,null,null,457227.8,null,43.222,null,null,null
2012,12,1,10:00,57.264,null,null,457285.064,null,57.292,null,null,null
2012,12,1,11:00,57.106,null,null,457342.17,null,56.72,null,null,null
2012,12,1,12:00,21.918,null,null,457364.088,null,22.023,null,null,null
2012,12,1,13:00,29.781,null,null,457393.869,null,29.803,null,null,null
2012,12,1,14:00,21.135,null,null,457415.004,null,21.012,null,null,null
2012,12,1,15:00,15.661,null,null,457430.665,null,15.497,null,null,null
2012,12,1,16:00,5.01,null,null,457435.675,null,4.908,null,null,null
2012,12,1,17:00,-0.208,null,null,457435.467,null,-0.233,null,null,null
2012,12,1,18:00,-0.246,null,null,457435.221,null,-0.247,null,null,null
2012,12,1,19:00,-0.246,null,null,457434.975,null,-0.252,null,null,null
2012,12,1,20:00,-0.246,null,null,457434.729,null,-0.24,null,null,null
2012,12,1,21:00,-0.246,null,null,457434.483,null,-0.242,null,null,null
2012,12,1,22:00,-0.257,null,null,457434.226,null,-0.242,null,null,null
2012,12,1,23:00,-0.247,null,null,457433.979,null,-0.243,null,null,null
2012,12,2,00:00,-0.247,null,null,457433.732,null,-0.245,null,null,null
2012,12,2,01:00,-0.257,null,null,457433.475,null,-0.242,null,null,null
2012,12,2,02:00,-0.245,null,null,457433.23,null,-0.247,null,null,null
2012,12,2,03:00,-0.247,null,null,457432.983,null,-0.257,null,null,null
2012,12,2,04:00,-0.247,null,null,457432.736,null,-0.268,null,null,null
2012,12,2,05:00,-0.258,null,null,457432.478,null,-0.242,null,null,null
2012,12,2,06:00,-0.272,null,null,457432.206,null,-0.281,null,null,null
2012,12,2,07:00,4.022,null,null,457436.228,null,4.13,null,null,null
2012,12,2,08:00,21.569,null,null,457457.797,null,21.74,null,null,null
2012,12,2,09:00,42.789,null,null,457500.586,null,42.992,null,null,null
2012,12,2,10:00,55.068,null,null,457555.654,null,55.597,null,null,null
2012,12,2,11:00,50.646,null,null,457606.3,null,51.087,null,null,null
2012,12,2,12:00,63.967,null,null,457670.267,null,64.948,null,null,null
2012,12,2,13:00,49.589,null,null,457719.856,null,49.388,null,null,null
2012,12,2,14:00,28.682,null,null,457748.538,null,28.702,null,null,null
2012,12,2,15:00,16.362,null,null,457764.9,null,16.373,null,null,null
2012,12,2,16:00,6.684,null,null,457771.584,null,6.658,null,null,null
2012,12,2,17:00,0.227,null,null,457771.811,null,0.103,null,null,null
2012,12,2,18:00,-0.258,null,null,457771.553,null,-0.252,null,null,null
2012,12,2,19:00,-0.246,null,null,457771.307,null,-0.255,null,null,null
2012,12,2,20:00,-0.246,null,null,457771.061,null,-0.255,null,null,null
2012,12,2,21:00,-0.246,null,null,457770.815,null,-0.253,null,null,null
2012,12,2,22:00,-0.257,null,null,457770.558,null,-0.255,null,null,null
2012,12,2,23:00,-0.245,null,null,457770.313,null,-0.25,null,null,null
2012,12,3,00:00,-0.248,null,null,457770.065,null,-0.247,null,null,null
2012,12,3,01:00,-0.246,null,null,457769.819,null,-0.252,null,null,null
2012,12,3,02:00,-0.246,null,null,457769.573,null,-0.242,null,null,null
2012,12,3,03:00,-0.246,null,null,457769.327,null,-0.253,null,null,null
2012,12,3,04:00,-0.257,null,null,457769.07,null,-0.257,null,null,null
2012,12,3,05:00,-0.258,null,null,457768.812,null,-0.25,null,null,null
2012,12,3,06:00,-0.251,null,null,457768.561,null,-0.267,null,null,null
2012,12,3,07:00,1.788,null,null,457770.349,null,1.914,null,null,null
2012,12,3,08:00,7.404,null,null,457777.753,null,7.442,null,null,null
2012,12,3,09:00,14.233,null,null,457791.986,null,14.315,null,null,null
2012,12,3,10:00,30.863,null,null,457822.849,null,31.185,null,null,null
2012,12,3,11:00,40.202,null,null,457863.051,null,40.408,null,null,null
2012,12,3,12:00,55.413,null,null,457918.464,null,56.482,null,null,null
2012,12,3,13:00,23.432,null,null,457941.896,null,22.603,null,null,null
2012,12,3,14:00,21.561,null,null,457963.457,null,20.602,null,null,null
2012,12,3,15:00,15.058,null,null,457978.515,null,15.035,null,null,null
2012,12,3,16:00,6.964,null,null,457985.479,null,7.079,null,null,null
2012,12,3,17:00,-0.017,null,null,457985.462,null,-0.086,null,null,null
2012,12,3,18:00,-0.247,null,null,457985.215,null,-0.242,null,null,null
2012,12,3,19:00,-0.256,null,null,457984.959,null,-0.25,null,null,null
2012,12,3,20:00,-0.257,null,null,457984.702,null,-0.252,null,null,null
2012,12,3,21:00,-0.246,null,null,457984.456,null,-0.257,null,null,null
2012,12,3,22:00,-0.246,null,null,457984.21,null,-0.237,null,null,null
2012,12,3,23:00,-0.246,null,null,457983.964,null,-0.247,null,null,null
2012,12,4,00:00,-0.247,null,null,457983.717,null,-0.242,null,null,null
2012,12,4,01:00,-0.246,null,null,457983.471,null,-0.252,null,null,null
2012,12,4,02:00,-0.258,null,null,457983.213,null,-0.248,null,null,null
2012,12,4,03:00,-0.246,null,null,457982.967,null,-0.243,null,null,null
2012,12,4,04:00,-0.246,null,null,457982.721,null,-0.246,null,null,null
2012,12,4,05:00,-0.247,null,null,457982.474,null,-0.24,null,null,null
2012,12,4,06:00,-0.277,null,null,457982.197,null,-0.272,null,null,null
2012,12,4,07:00,3.395,null,null,457985.592,null,3.512,null,null,null
2012,12,4,08:00,21.947,null,null,458007.539,null,22.087,null,null,null
2012,12,4,09:00,42.068,null,null,458049.607,null,42.225,null,null,null
2012,12,4,10:00,56.429,null,null,458106.036,null,56.684,null,null,null
2012,12,4,11:00,53.744,null,null,458159.78,null,54.762,null,null,null
2012,12,4,12:00,58.051,null,null,458217.831,null,57.685,null,null,null
2012,12,4,13:00,42.598,null,null,458260.429,null,40.731,null,null,null
2012,12,4,14:00,42.279,null,null,458302.708,null,41.453,null,null,null
2012,12,4,15:00,26.693,null,null,458329.401,null,26.672,null,null,null
2012,12,4,16:00,9.211,null,null,458338.612,null,9.072,null,null,null
2012,12,4,17:00,0.241,null,null,458338.853,null,0.213,null,null,null
2012,12,4,18:00,-0.245,null,null,458338.608,null,-0.255,null,null,null
2012,12,4,19:00,-0.245,null,null,458338.363,null,-0.258,null,null,null
2012,12,4,20:00,-0.258,null,null,458338.105,null,-0.253,null,null,null
2012,12,4,21:00,-0.256,null,null,458337.849,null,-0.242,null,null,null
2012,12,4,22:00,-0.246,null,null,458337.603,null,-0.257,null,null,null
2012,12,4,23:00,-0.247,null,null,458337.356,null,-0.238,null,null,null
2012,12,5,00:00,-0.246,null,null,458337.11,null,-0.243,null,null,null
2012,12,5,01:00,-0.246,null,null,458336.864,null,-0.247,null,null,null
2012,12,5,02:00,-0.246,null,null,458336.618,null,-0.262,null,null,null
2012,12,5,03:00,-0.247,null,null,458336.371,null,-0.258,null,null,null
2012,12,5,04:00,-0.258,null,null,458336.113,null,-0.253,null,null,null
2012,12,5,05:00,-0.247,null,null,458335.866,null,-0.243,null,null,null
2012,12,5,06:00,-0.257,null,null,458335.609,null,-0.237,null,null,null
2012,12,5,07:00,3.142,null,null,458338.751,null,3.379,null,null,null
2012,12,5,08:00,16.966,null,null,458355.717,null,17.098,null,null,null
2012,12,5,09:00,27.915,null,null,458383.632,null,28.003,null,null,null
2012,12,5,10:00,39.082,null,null,458422.714,null,39.412,null,null,null
2012,12,5,11:00,64.046,null,null,458486.76,null,63.653,null,null,null
2012,12,5,12:00,53.04,null,null,458539.8,null,52.698,null,null,null
2012,12,5,13:00,34.447,null,null,458574.247,null,34.103,null,null,null
2012,12,5,14:00,30.937,null,null,458605.184,null,31.35,null,null,null
2012,12,5,15:00,12.059,null,null,458617.243,null,12.052,null,null,null
2012,12,5,16:00,3.639,null,null,458620.882,null,3.493,null,null,null
2012,12,5,17:00,-0.211,null,null,458620.671,null,-0.222,null,null,null
2012,12,5,18:00,-0.258,null,null,458620.413,null,-0.238,null,null,null
2012,12,5,19:00,-0.246,null,null,458620.167,null,-0.252,null,null,null
2012,12,5,20:00,-0.245,null,null,458619.922,null,-0.248,null,null,null
2012,12,5,21:00,-0.246,null,null,458619.676,null,-0.256,null,null,null
2012,12,5,22:00,-0.257,null,null,458619.419,null,-0.25,null,null,null
2012,12,5,23:00,-0.246,null,null,458619.173,null,-0.252,null,null,null
2012,12,6,00:00,-0.246,null,null,458618.927,null,-0.255,null,null,null
2012,12,6,01:00,-0.247,null,null,458618.68,null,-0.24,null,null,null
2012,12,6,02:00,-0.247,null,null,458618.433,null,-0.25,null,null,null
2012,12,6,03:00,-0.245,null,null,458618.188,null,-0.262,null,null,null
2012,12,6,04:00,-0.26,null,null,458617.928,null,-0.255,null,null,null
2012,12,6,05:00,-0.257,null,null,458617.671,null,-0.24,null,null,null
2012,12,6,06:00,-0.246,null,null,458617.425,null,-0.252,null,null,null
2012,12,6,07:00,6.534,null,null,458623.959,null,6.695,null,null,null
2012,12,6,08:00,17.313,null,null,458641.272,null,17.459,null,null,null
2012,12,6,09:00,22.642,null,null,458663.914,null,23.081,null,null,null
2012,12,6,10:00,50.576,null,null,458714.49,null,51.564,null,null,null
2012,12,6,11:00,47.673,null,null,458762.163,null,46.11,null,null,null
2012,12,6,12:00,31.486,null,null,458793.649,null,31.091,null,null,null
2012,12,6,13:00,54.745,null,null,458848.394,null,57.321,null,null,null
2012,12,6,14:00,46.121,null,null,458894.515,null,44.436,null,null,null
2012,12,6,15:00,30.353,null,null,458924.868,null,30.157,null,null,null
2012,12,6,16:00,8.219,null,null,458933.087,null,8.195,null,null,null
2012,12,6,17:00,-0.063,null,null,458933.024,null,-0.082,null,null,null
2012,12,6,18:00,-0.245,null,null,458932.779,null,-0.242,null,null,null
2012,12,6,19:00,-0.246,null,null,458932.533,null,-0.245,null,null,null
2012,12,6,20:00,-0.257,null,null,458932.276,null,-0.257,null,null,null
2012,12,6,21:00,-0.245,null,null,458932.031,null,-0.248,null,null,null
2012,12,6,22:00,-0.247,null,null,458931.784,null,-0.255,null,null,null
2012,12,6,23:00,-0.247,null,null,458931.537,null,-0.243,null,null,null
2012,12,7,00:00,-0.257,null,null,458931.28,null,-0.243,null,null,null
2012,12,7,01:00,-0.246,null,null,458931.034,null,-0.255,null,null,null
2012,12,7,02:00,-0.246,null,null,458930.788,null,-0.243,null,null,null
2012,12,7,03:00,-0.258,null,null,458930.53,null,-0.245,null,null,null
2012,12,7,04:00,-0.247,null,null,458930.283,null,-0.248,null,null,null
2012,12,7,05:00,-0.246,null,null,458930.037,null,-0.248,null,null,null
2012,12,7,06:00,-0.247,null,null,458929.79,null,-0.253,null,null,null
2012,12,7,07:00,0.119,null,null,458929.909,null,0.142,null,null,null
2012,12,7,08:00,4.393,null,null,458934.302,null,4.564,null,null,null
2012,12,7,09:00,12.433,null,null,458946.735,null,12.239,null,null,null
2012,12,7,10:00,17.945,null,null,458964.68,null,17.98,null,null,null
2012,12,7,11:00,23.443,null,null,458988.123,null,23.773,null,null,null
2012,12,7,12:00,48.369,null,null,459036.492,null,48.319,null,null,null
2012,12,7,13:00,57.744,null,null,459094.236,null,58.144,null,null,null
2012,12,7,14:00,45.344,null,null,459139.58,null,45.51,null,null,null
2012,12,7,15:00,31.692,null,null,459171.272,null,31.572,null,null,null
2012,12,7,16:00,11.001,null,null,459182.273,null,10.865,null,null,null
2012,12,7,17:00,0.071,null,null,459182.344,null,0.045,null,null,null
2012,12,7,18:00,-0.246,null,null,459182.098,null,-0.242,null,null,null
2012,12,7,19:00,-0.246,null,null,459181.852,null,-0.248,null,null,null
2012,12,7,20:00,-0.246,null,null,459181.606,null,-0.248,null,null,null
2012,12,7,21:00,-0.246,null,null,459181.36,null,-0.25,null,null,null
2012,12,7,22:00,-0.258,null,null,459181.102,null,-0.248,null,null,null
2012,12,7,23:00,-0.246,null,null,459180.856,null,-0.242,null,null,null
2012,12,8,00:00,-0.258,null,null,459180.598,null,-0.238,null,null,null
2012,12,8,01:00,-0.247,null,null,459180.351,null,-0.24,null,null,null
2012,12,8,02:00,-0.246,null,null,459180.105,null,-0.248,null,null,null
2012,12,8,03:00,-0.247,null,null,459179.858,null,-0.248,null,null,null
2012,12,8,04:00,-0.246,null,null,459179.612,null,-0.25,null,null,null
2012,12,8,05:00,-0.246,null,null,459179.366,null,-0.24,null,null,null
2012,12,8,06:00,-0.246,null,null,459179.12,null,-0.238,null,null,null
2012,12,8,07:00,0.746,null,null,459179.866,null,0.825,null,null,null
2012,12,8,08:00,8.063,null,null,459187.929,null,8.14,null,null,null
2012,12,8,09:00,13.638,null,null,459201.567,null,13.628,null,null,null
2012,12,8,10:00,38.347,null,null,459239.914,null,38.61,null,null,null
2012,12,8,11:00,29.671,null,null,459269.585,null,30.197,null,null,null
2012,12,8,12:00,51.323,null,null,459320.908,null,50.84,null,null,null
2012,12,8,13:00,38.783,null,null,459359.691,null,39.343,null,null,null
2012,12,8,14:00,30.249,null,null,459389.94,null,30.312,null,null,null
2012,12,8,15:00,17.311,null,null,459407.251,null,16.11,null,null,null
2012,12,8,16:00,10.396,null,null,459417.647,null,10.259,null,null,null
2012,12,8,17:00,-0.021,null,null,459417.626,null,-0.033,null,null,null
2012,12,8,18:00,-0.247,null,null,459417.379,null,-0.255,null,null,null
2012,12,8,19:00,-0.246,null,null,459417.133,null,-0.25,null,null,null
2012,12,8,20:00,-0.246,null,null,459416.887,null,-0.257,null,null,null
2012,12,8,21:00,-0.246,null,null,459416.641,null,-0.248,null,null,null
2012,12,8,22:00,-0.245,null,null,459416.396,null,-0.25,null,null,null
2012,12,8,23:00,-0.259,null,null,459416.137,null,-0.24,null,null,null
2012,12,9,00:00,-0.246,null,null,459415.891,null,-0.248,null,null,null
2012,12,9,01:00,-0.257,null,null,459415.634,null,-0.243,null,null,null
2012,12,9,02:00,-0.246,null,null,459415.388,null,-0.235,null,null,null
2012,12,9,03:00,-0.246,null,null,459415.142,null,-0.247,null,null,null
2012,12,9,04:00,-0.245,null,null,459414.897,null,-0.255,null,null,null
2012,12,9,05:00,-0.247,null,null,459414.65,null,-0.247,null,null,null
2012,12,9,06:00,-0.257,null,null,459414.393,null,-0.248,null,null,null
2012,12,9,07:00,0.256,null,null,459414.649,null,0.26,null,null,null
2012,12,9,08:00,4.961,null,null,459419.61,null,5.085,null,null,null
2012,12,9,09:00,32.417,null,null,459452.027,null,32.495,null,null,null
2012,12,9,10:00,43.526,null,null,459495.553,null,43.6,null,null,null
2012,12,9,11:00,57.769,null,null,459553.322,null,57.632,null,null,null
2012,12,9,12:00,59.568,null,null,459612.89,null,59.257,null,null,null
2012,12,9,13:00,39.544,null,null,459652.434,null,39.412,null,null,null
2012,12,9,14:00,46.987,null,null,459699.421,null,46.553,null,null,null
2012,12,9,15:00,25.774,null,null,459725.195,null,25.503,null,null,null
2012,12,9,16:00,8.549,null,null,459733.744,null,8.453,null,null,null
2012,12,9,17:00,0.401,null,null,459734.145,null,0.375,null,null,null
2012,12,9,18:00,-0.247,null,null,459733.898,null,-0.258,null,null,null
2012,12,9,19:00,-0.248,null,null,459733.65,null,-0.248,null,null,null
2012,12,9,20:00,-0.258,null,null,459733.392,null,-0.249,null,null,null
2012,12,9,21:00,-0.246,null,null,459733.146,null,-0.255,null,null,null
2012,12,9,22:00,-0.246,null,null,459732.9,null,-0.241,null,null,null
2012,12,9,23:00,-0.246,null,null,459732.654,null,-0.252,null,null,null
2012,12,10,00:00,-0.245,null,null,459732.409,null,-0.245,null,null,null
2012,12,10,01:00,-0.259,null,null,459732.15,null,-0.243,null,null,null
2012,12,10,02:00,-0.245,null,null,459731.905,null,-0.237,null,null,null
2012,12,10,03:00,-0.258,null,null,459731.647,null,-0.233,null,null,null
2012,12,10,04:00,-0.246,null,null,459731.401,null,-0.253,null,null,null
2012,12,10,05:00,-0.246,null,null,459731.155,null,-0.255,null,null,null
2012,12,10,06:00,-0.24,null,null,459730.915,null,-0.237,null,null,null
2012,12,10,07:00,0.959,null,null,459731.874,null,0.997,null,null,null
2012,12,10,08:00,7.508,null,null,459739.382,null,7.547,null,null,null
2012,12,10,09:00,27.406,null,null,459766.788,null,27.728,null,null,null
2012,12,10,10:00,35.184,null,null,459801.972,null,35.21,null,null,null
2012,12,10,11:00,40.367,null,null,459842.339,null,40.393,null,null,null
2012,12,10,12:00,25.761,null,null,459868.1,null,25.69,null,null,null
2012,12,10,13:00,14.227,null,null,459882.327,null,14.258,null,null,null
2012,12,10,14:00,10.245,null,null,459892.572,null,10.182,null,null,null
2012,12,10,15:00,7.449,null,null,459900.021,null,7.405,null,null,null
2012,12,10,16:00,1.741,null,null,459901.762,null,1.67,null,null,null
2012,12,10,17:00,-0.341,null,null,459901.421,null,-0.328,null,null,null
2012,12,10,18:00,-0.246,null,null,459901.175,null,-0.237,null,null,null
2012,12,10,19:00,-0.257,null,null,459900.918,null,-0.253,null,null,null
2012,12,10,20:00,-0.258,null,null,459900.66,null,-0.24,null,null,null
2012,12,10,21:00,-0.246,null,null,459900.414,null,-0.239,null,null,null
2012,12,10,22:00,-0.247,null,null,459900.167,null,-0.262,null,null,null
2012,12,10,23:00,-0.246,null,null,459899.921,null,-0.253,null,null,null
2012,12,11,00:00,-0.246,null,null,459899.675,null,-0.238,null,null,null
2012,12,11,01:00,-0.246,null,null,459899.429,null,-0.255,null,null,null
2012,12,11,02:00,-0.258,null,null,459899.171,null,-0.253,null,null,null
2012,12,11,03:00,-0.246,null,null,459898.925,null,-0.248,null,null,null
2012,12,11,04:00,-0.246,null,null,459898.679,null,-0.258,null,null,null
2012,12,11,05:00,-0.246,null,null,459898.433,null,-0.252,null,null,null
2012,12,11,06:00,-0.258,null,null,459898.175,null,-0.243,null,null,null
2012,12,11,07:00,0.854,null,null,459899.029,null,0.903,null,null,null
2012,12,11,08:00,4.551,null,null,459903.58,null,4.6,null,null,null
2012,12,11,09:00,12.312,null,null,459915.892,null,12.46,null,null,null
2012,12,11,10:00,40.252,null,null,459956.144,null,41.148,null,null,null
2012,12,11,11:00,59.784,null,null,460015.928,null,59.097,null,null,null
2012,12,11,12:00,30.965,null,null,460046.893,null,31.785,null,null,null
2012,12,11,13:00,30.77,null,null,460077.663,null,30.573,null,null,null
2012,12,11,14:00,21.48,null,null,460099.143,null,21.009,null,null,null
2012,12,11,15:00,2.949,null,null,460102.092,null,13.592,null,null,null
